{
    "coord": {
        "lon": 9.19,
        "lat": 45.46
    },
    "weather": [
        {
            "id": 701,
            "main": "Mist",
            "description": "mist",
            "icon": "50n"
        }
    ],
    "base": "stations",
    "main": {
        "temp": 283.62,
        "pressure": 1022,
        "humidity": 76,
        "temp_min": 282.15,
        "temp_max": 285.15
    },
    "visibility": 10000,
    "wind": {
        "speed": 2.96,
        "deg": 28.002
    },
    "clouds": {
        "all": 0
    },
    "dt": 1491796200,
    "sys": {
        "type": 1,
        "id": 5800,
        "message": 0.0323,
        "country": "IT",
        "sunrise": 1491799588,
        "sunset": 1491847395
    },
    "id": 6542283,
    "name": "Milan",
    "cod": 200
}
