<?xml version="1.0" encoding="UTF-8"?><rss xmlns:itunes="http://www.itunes.com/dtds/podcast-1.0.dtd" xmlns:dc="http://purl.org/dc/elements/1.1/" xmlns:taxo="http://purl.org/rss/1.0/modules/taxonomy/" xmlns:rdf="http://www.w3.org/1999/02/22-rdf-syntax-ns#" version="2.0"><channel>    <title>Repubblica.it &gt; Homepage</title>    <link>http://www.repubblica.it</link>    <description><![CDATA[Repubblica.it: il quotidiano online in tempo reale.]]></description>    <language>it-IT</language>    <copyright>Copyright 2017 - Gruppo Editoriale l'Espresso</copyright>    <pubDate>Mon, 10 Apr 2017 04:00:49 +0200</pubDate>    <lastBuildDate>Mon, 10 Apr 2017 04:00:49 +0200</lastBuildDate>    <ttl>30</ttl>        <category domain="http://www.repubblica.it"><![CDATA[viaggi]]></category><category domain="http://palermo.repubblica.it"><![CDATA[cronaca]]></category><category domain="http://genova.repubblica.it"><![CDATA[cronaca]]></category><category domain="http://www.repubblica.it"><![CDATA[cronaca]]></category><category domain="http://bari.repubblica.it"><![CDATA[cronaca]]></category><category domain="http://www.repubblica.it"><![CDATA[tecnologia]]></category><category domain="http://napoli.repubblica.it"><![CDATA[cronaca]]></category><category domain="http://www.repubblica.it"><![CDATA[esteri]]></category><category domain="http://www.repubblica.it"><![CDATA[salute/medicina]]></category><category domain="http://www.repubblica.it"><![CDATA[sport/calcio/serie-a/crotone]]></category><category domain="http://torino.repubblica.it"><![CDATA[cronaca]]></category><category domain="http://www.repubblica.it"><![CDATA[scienze]]></category><category domain="http://www.repubblica.it"><![CDATA[sapori]]></category><category domain="http://www.repubblica.it"><![CDATA[spettacoli/cinema]]></category><category domain="http://www.repubblica.it"><![CDATA[sport]]></category><category domain="http://www.repubblica.it"><![CDATA[motori/sezioni/attualita]]></category><category domain="http://www.repubblica.it"><![CDATA[salute/ricerca]]></category><category domain="http://www.repubblica.it"><![CDATA[sport/moto-gp]]></category><category domain="http://milano.repubblica.it"><![CDATA[cronaca]]></category><category domain="http://www.repubblica.it"><![CDATA[politica]]></category><category domain="http://bologna.repubblica.it"><![CDATA[cronaca]]></category><category domain="http://www.repubblica.it"><![CDATA[economia]]></category>      <docs>http://blogs.law.harvard.edu/tech/rss</docs>    <managingEditor>repubblicawww@repubblica.it (per segnalazioni sui contenuti del servizio)</managingEditor>    <webMaster>problemi@repubblica.it (per segnalazione di malfunzionamenti del servizio)</webMaster>    <image>        <title>Repubblica.it &gt; Homepage</title>        <url>http://www.repubblica.it/images/logo_repubblica.gif</url>        <link>http://www.repubblica.it</link>        <width>134</width>        <height>19</height>    </image>    <item><title><![CDATA[Egitto, doppio attentato alle chiese copte.  Decine di morti tra Tanta e Alessandria]]></title><link><![CDATA[http://www.repubblica.it/esteri/2017/04/09/news/egitto_attentato_a_un_chiesa_nella_domenica_delle_palme_almento_13_morti-162553631/?rss]]></link><author><![CDATA[repubblicawww@repubblica.it (Redazione Repubblica.it)]]></author><category domain="http://www.repubblica.it"><![CDATA[esteri]]></category><pubDate>Sun, 09 Apr 2017 21:43:35 +0200</pubDate><enclosure url="http://flv.kataweb.it/repubblicatv/file/2017/04/09/378227/378227-video-rrtv-650-videoalessandria0904.mp4" length="2779527" type="video/mp4"/><description><![CDATA[Due attentatori suicidi entrano in azione nella domenica delle Palme. Il primo si fa saltare a Tanta, cittadina a nord del Cairo, il secondo all'esterno della...]]></description><guid isPermaLink="true"><![CDATA[http://www.repubblica.it/esteri/2017/04/09/news/egitto_attentato_a_un_chiesa_nella_domenica_delle_palme_almento_13_morti-162553631/?rss]]></guid></item><item><title><![CDATA[Crotone-Inter 2-1: crollo nerazzurro, Nicola vede la salvezza]]></title><link><![CDATA[http://www.repubblica.it/sport/calcio/serie-a/crotone/2017/04/09/news/crotone_batte_inter-162580508/?rss]]></link><author><![CDATA[repubblicawww@repubblica.it (Redazione Repubblica.it)]]></author><category domain="http://www.repubblica.it"><![CDATA[sport/calcio/serie-a/crotone]]></category><pubDate>Sun, 09 Apr 2017 17:16:58 +0200</pubDate><enclosure url="http://www.repstatic.it/content/nazionale/img/2017/04/09/225045206-2969cddd-6f87-470a-aae2-373c029ce0b0.jpg" length="20575" type="image/jpeg"/><description><![CDATA[<p><a href="http://www.repubblica.it/sport/calcio/serie-a/crotone/2017/04/09/news/crotone_batte_inter-162580508/?rssimage"> <img src="http://www.repstatic.it/content/nazionale/img/2017/04/09/225045206-2969cddd-6f87-470a-aae2-373c029ce0b0.jpg" width="140" align="left" hspace="10"></a>Una doppietta di Falcinelli nel primo tempo riapre i giochi per i calabresi, mentre l'Europa per la squadra di Pioli sembra lontanissima</p>]]></description><guid isPermaLink="true"><![CDATA[http://www.repubblica.it/sport/calcio/serie-a/crotone/2017/04/09/news/crotone_batte_inter-162580508/?rss]]></guid></item><item><title><![CDATA[M5s, né destra né sinistra: il partito "pigliatutti" che punta ai delusi della politica]]></title><link><![CDATA[http://www.repubblica.it/politica/2017/04/10/news/m5s_ne_destra_ne_sinistra_il_partito_pigliatutti_che_punta_ai_delusi_della_politica-162607510/?rss]]></link><author><![CDATA[repubblicawww@repubblica.it (Redazione Repubblica.it)]]></author><category domain="http://www.repubblica.it"><![CDATA[politica]]></category><pubDate>Mon, 10 Apr 2017 02:17:35 +0200</pubDate><description><![CDATA[Le mappe. È difficile isolare priorità specifiche del programma Cinquestelle, ma si tratta di una scelta strategica. Grillo e Casaleggio devono fare i conti...]]></description><guid isPermaLink="true"><![CDATA[http://www.repubblica.it/politica/2017/04/10/news/m5s_ne_destra_ne_sinistra_il_partito_pigliatutti_che_punta_ai_delusi_della_politica-162607510/?rss]]></guid></item><item><title><![CDATA[Continua la caccia al killer di Budrio, un'altra notte di paura: "Fate attenzione, è pericoloso"]]></title><link><![CDATA[http://bologna.repubblica.it/cronaca/2017/04/09/news/ferrara_caccia_all_uomo_nella_notte_il_killer_di_budrio_avrebbe_ucciso_ancora-162547311/?rss]]></link><author><![CDATA[repubblicawww@repubblica.it (Redazione Repubblica.it)]]></author><category domain="http://bologna.repubblica.it"><![CDATA[cronaca]]></category><pubDate>Sun, 09 Apr 2017 21:13:33 +0200</pubDate><enclosure url="http://www.repstatic.it/content/nazionale/img/2017/04/09/122730294-115b6fe4-2a80-43c7-8a57-72592c125365.jpg" length="39812" type="image/jpeg"/><description><![CDATA[<p><a href="http://bologna.repubblica.it/cronaca/2017/04/09/news/ferrara_caccia_all_uomo_nella_notte_il_killer_di_budrio_avrebbe_ucciso_ancora-162547311/?rssimage"> <img src="http://www.repstatic.it/content/nazionale/img/2017/04/09/122730294-115b6fe4-2a80-43c7-8a57-72592c125365.jpg" width="140" align="left" hspace="10"></a>Igor il russo sabato ha ucciso una guardia ambientale volontaria, Valerio Verri, e ferito un agente provinciale che l'avrebbe riconosciuto Imponente...</p>]]></description><guid isPermaLink="true"><![CDATA[http://bologna.repubblica.it/cronaca/2017/04/09/news/ferrara_caccia_all_uomo_nella_notte_il_killer_di_budrio_avrebbe_ucciso_ancora-162547311/?rss]]></guid></item><item><title><![CDATA[Moto Gp, Viñales trionfa in Argentina. Rossi, che rimonta: è secondo]]></title><link><![CDATA[http://www.repubblica.it/sport/moto-gp/2017/04/09/news/moto_a_vin_ales_il_gp_d_argentina_rossi_che_rimonta_e_secondo-162602305/?rss]]></link><author><![CDATA[repubblicawww@repubblica.it (Redazione Repubblica.it)]]></author><category domain="http://www.repubblica.it"><![CDATA[sport/moto-gp]]></category><pubDate>Sun, 09 Apr 2017 22:20:59 +0200</pubDate><enclosure url="http://www.repstatic.it/content/nazionale/img/2017/04/09/225153824-5ff05b08-7996-4dbc-9745-99d8a932f694.jpg" length="17572" type="image/jpeg"/><description><![CDATA[<p><a href="http://www.repubblica.it/sport/moto-gp/2017/04/09/news/moto_a_vin_ales_il_gp_d_argentina_rossi_che_rimonta_e_secondo-162602305/?rssimage"> <img src="http://www.repstatic.it/content/nazionale/img/2017/04/09/225153824-5ff05b08-7996-4dbc-9745-99d8a932f694.jpg" width="140" align="left" hspace="10"></a>Lo spagnolo fa due su due conquistando la gara in terra sudamericana. Valentino show: ottima partenza, poi sorpasso a Crutchlow per agguantare la seconda...</p>]]></description><guid isPermaLink="true"><![CDATA[http://www.repubblica.it/sport/moto-gp/2017/04/09/news/moto_a_vin_ales_il_gp_d_argentina_rossi_che_rimonta_e_secondo-162602305/?rss]]></guid></item><item><title><![CDATA[La Casa Bianca e il coltello di Mackie Messer]]></title><link><![CDATA[http://www.repubblica.it/esteri/2017/04/09/news/attacco_usa_alla_siria_la_casa_bianca_e_il_coltello_di_mackie_messer-162535898/?rss]]></link><author><![CDATA[repubblicawww@repubblica.it (Redazione Repubblica.it)]]></author><category domain="http://www.repubblica.it"><![CDATA[esteri]]></category><pubDate>Sun, 09 Apr 2017 10:18:48 +0200</pubDate><description><![CDATA[Il presidente Usa è innamorato delle proprie contraddizioni, le conosce e le accresce volutamente: Per ora ha tirato fuori la sua arma per farla vedere. Quando...]]></description><guid isPermaLink="true"><![CDATA[http://www.repubblica.it/esteri/2017/04/09/news/attacco_usa_alla_siria_la_casa_bianca_e_il_coltello_di_mackie_messer-162535898/?rss]]></guid></item><item><title><![CDATA[L'autista di Falcone: "Scampato al tritolo di Capaci ma rottamato dalle istituzioni"]]></title><link><![CDATA[http://palermo.repubblica.it/cronaca/2017/04/10/news/l_autista_di_falcone_scampato_al_tritolo_di_capaci_ma_rottamato_dalle_istituzioni_-162606663/?rss]]></link><author><![CDATA[repubblicawww@repubblica.it (Redazione Repubblica.it)]]></author><category domain="http://palermo.repubblica.it"><![CDATA[cronaca]]></category><pubDate>Mon, 10 Apr 2017 01:02:31 +0200</pubDate><enclosure url="http://www.repstatic.it/content/nazionale/img/2017/04/10/010656814-62441601-2e8d-4c69-a76c-f3fbcf11460d.jpg" length="15495" type="image/jpeg"/><description><![CDATA[<p><a href="http://palermo.repubblica.it/cronaca/2017/04/10/news/l_autista_di_falcone_scampato_al_tritolo_di_capaci_ma_rottamato_dalle_istituzioni_-162606663/?rssimage"> <img src="http://www.repstatic.it/content/nazionale/img/2017/04/10/010656814-62441601-2e8d-4c69-a76c-f3fbcf11460d.jpg" width="140" align="left" hspace="10"></a>Giuseppe Costanza era con il giudice il 23 maggio 1992, giorno della strage: "Dopo mi misero a fare fotocopie". In un libro il racconto del suo dramma</p>]]></description><guid isPermaLink="true"><![CDATA[http://palermo.repubblica.it/cronaca/2017/04/10/news/l_autista_di_falcone_scampato_al_tritolo_di_capaci_ma_rottamato_dalle_istituzioni_-162606663/?rss]]></guid></item><item><title><![CDATA[Quattro bugie dall'Egitto sulla morte di Giulio Regeni]]></title><link><![CDATA[http://www.repubblica.it/esteri/2017/04/06/news/giulio_regeni_fact_checking-162333111/?rss]]></link><author><![CDATA[repubblicawww@repubblica.it (Redazione Repubblica.it)]]></author><category domain="http://www.repubblica.it"><![CDATA[esteri]]></category><pubDate>Fri, 07 Apr 2017 12:57:05 +0200</pubDate><enclosure url="http://flv.kataweb.it/repubblicatv/file/2017/04/08/378140/378140-video-rrtv-650-regeni080417rs.mp4" length="17271420" type="video/mp4"/><description><![CDATA[Le dichiarazioni del ministro degli Interni, il ruolo dei servizi segreti, le accuse dei media, i documenti di Giulio ritrovati in casa di un rapinatore, il...]]></description><guid isPermaLink="true"><![CDATA[http://www.repubblica.it/esteri/2017/04/06/news/giulio_regeni_fact_checking-162333111/?rss]]></guid></item><item><title><![CDATA[Italia tra Def e "manovrina".  Giorni cruciali per Alitalia]]></title><link><![CDATA[http://www.repubblica.it/economia/2017/04/09/news/def_alitalia_agenda_mercati-162574915/?rss]]></link><author><![CDATA[repubblicawww@repubblica.it (Redazione Repubblica.it)]]></author><category domain="http://www.repubblica.it"><![CDATA[economia]]></category><pubDate>Sun, 09 Apr 2017 18:51:29 +0200</pubDate><enclosure url="http://www.repstatic.it/content/nazionale/img/2017/04/09/184735649-0be930cc-05c6-431e-81d2-b18eebb30ebc.jpg" length="6988" type="image/jpeg"/><description><![CDATA[<p><a href="http://www.repubblica.it/economia/2017/04/09/news/def_alitalia_agenda_mercati-162574915/?rssimage"> <img src="http://www.repstatic.it/content/nazionale/img/2017/04/09/184735649-0be930cc-05c6-431e-81d2-b18eebb30ebc.jpg" width="140" align="left" hspace="10"></a>L'agenda degli appuntamenti della settimana. Martedì il via libera al Documento di Economia e Finanza, in arrivo anche la manovra di correzione dei conti da...</p>]]></description><guid isPermaLink="true"><![CDATA[http://www.repubblica.it/economia/2017/04/09/news/def_alitalia_agenda_mercati-162574915/?rss]]></guid></item><item><title><![CDATA[F1, il film del Gran Premio Cina: la festa di Hamilton]]></title><link><![CDATA[http://www.repubblica.it/sport/2017/04/09/foto/f1_gpcina_vettel_hamilton_ferrari_mercedes-162551822/1/?rss]]></link><author><![CDATA[repubblicawww@repubblica.it (Redazione Repubblica.it)]]></author><category domain="http://www.repubblica.it"><![CDATA[sport]]></category><pubDate>Sun, 09 Apr 2017 10:26:24 +0200</pubDate><enclosure url="http://www.repstatic.it/content/nazionale/img/2017/04/09/101807130-e1c534ec-16c5-4cc0-9d7c-2fdc0d6f7f88.jpg" length="10367" type="image/jpeg"/><description><![CDATA[<p><a href="http://www.repubblica.it/sport/2017/04/09/foto/f1_gpcina_vettel_hamilton_ferrari_mercedes-162551822/1/?rssimage"> <img src="http://www.repstatic.it/content/nazionale/img/2017/04/09/101807130-e1c534ec-16c5-4cc0-9d7c-2fdc0d6f7f88.jpg" width="140" align="left" hspace="10"></a></p>]]></description><guid isPermaLink="true"><![CDATA[http://www.repubblica.it/sport/2017/04/09/foto/f1_gpcina_vettel_hamilton_ferrari_mercedes-162551822/1/?rss]]></guid></item><item><title><![CDATA[Sul tetto c'è una Fiat 127: è l'omaggio a nonno Nicola]]></title><link><![CDATA[http://bari.repubblica.it/cronaca/2017/04/06/foto/c_e_un_auto_sul_tetto_e_l_omaggio_a_nonno_nicola-162277531/1/?rss]]></link><author><![CDATA[repubblicawww@repubblica.it (Redazione Repubblica.it)]]></author><category domain="http://bari.repubblica.it"><![CDATA[cronaca]]></category><pubDate>Wed, 05 Apr 2017 21:41:29 +0200</pubDate><description><![CDATA[Per chi percorre la vecchia strada poderale tra Margherita di Savoia e Trinitapoli, fra le province pugliesi di Foggia e della Bat, rappresenta un punto di...]]></description><guid isPermaLink="true"><![CDATA[http://bari.repubblica.it/cronaca/2017/04/06/foto/c_e_un_auto_sul_tetto_e_l_omaggio_a_nonno_nicola-162277531/1/?rss]]></guid></item><item><title><![CDATA[Sigari, galli e il Che: la 'svolta immobile' di Cuba quattro mesi dopo la morte di Fidel]]></title><link><![CDATA[http://www.repubblica.it/esteri/2017/04/07/foto/cuba_e_ancora_cuba_fotoreportage_in_bianco_e_nero-162413894/1/?rss]]></link><author><![CDATA[repubblicawww@repubblica.it (Redazione Repubblica.it)]]></author><category domain="http://www.repubblica.it"><![CDATA[esteri]]></category><pubDate>Sat, 08 Apr 2017 10:30:23 +0200</pubDate><enclosure url="http://www.repstatic.it/content/nazionale/img/2017/04/08/174557735-1b01e048-fe27-4936-aef4-bf12b6955db3.jpg" length="37919" type="image/jpeg"/><description><![CDATA[<p><a href="http://www.repubblica.it/esteri/2017/04/07/foto/cuba_e_ancora_cuba_fotoreportage_in_bianco_e_nero-162413894/1/?rssimage"> <img src="http://www.repstatic.it/content/nazionale/img/2017/04/08/174557735-1b01e048-fe27-4936-aef4-bf12b6955db3.jpg" width="140" align="left" hspace="10"></a>Cuba è ancora Cuba. Per ora. Quattro mesi dopo la morte di Fidel Castro, il fotografo pescarese Rino D'Ostilio è tornato per la quinta volta nell'isola ricca...</p>]]></description><guid isPermaLink="true"><![CDATA[http://www.repubblica.it/esteri/2017/04/07/foto/cuba_e_ancora_cuba_fotoreportage_in_bianco_e_nero-162413894/1/?rss]]></guid></item><item><title><![CDATA[Stoccolma, identificate le vittime. Media svedesi: attentatore ha confessato, felice di quanto ha fatto]]></title><link><![CDATA[http://www.repubblica.it/esteri/2017/04/09/news/stoccolma_killer_vittime_identificazione-162561900/?rss]]></link><author><![CDATA[repubblicawww@repubblica.it (Redazione Repubblica.it)]]></author><category domain="http://www.repubblica.it"><![CDATA[esteri]]></category><pubDate>Sun, 09 Apr 2017 21:45:02 +0200</pubDate><enclosure url="http://www.repstatic.it/content/nazionale/img/2017/04/09/211628801-aaaf13db-e2d9-4f16-a839-1d5ace5cd817.jpg" length="14873" type="image/jpeg"/><description><![CDATA[<p><a href="http://www.repubblica.it/esteri/2017/04/09/news/stoccolma_killer_vittime_identificazione-162561900/?rssimage"> <img src="http://www.repstatic.it/content/nazionale/img/2017/04/09/211628801-aaaf13db-e2d9-4f16-a839-1d5ace5cd817.jpg" width="140" align="left" hspace="10"></a>Nell'attentato di venerdì hanno perso la vita una donna e una ragazzina svedesi, un britannico e una donna belga. Ferite 15 persone, quattro in gravi...</p>]]></description><guid isPermaLink="true"><![CDATA[http://www.repubblica.it/esteri/2017/04/09/news/stoccolma_killer_vittime_identificazione-162561900/?rss]]></guid></item><item><title><![CDATA[Pyongyang: attacco Usa in Siria giustifica l'atomica. Portaerei di Washington verso la Corea]]></title><link><![CDATA[http://www.repubblica.it/esteri/2017/04/08/news/corea_del_nord_atomica_siria-162514069/?rss]]></link><author><![CDATA[repubblicawww@repubblica.it (Redazione Repubblica.it)]]></author><category domain="http://www.repubblica.it"><![CDATA[esteri]]></category><pubDate>Sun, 09 Apr 2017 17:13:06 +0200</pubDate><enclosure url="http://www.repstatic.it/content/nazionale/img/2017/04/09/215313402-857bbd97-4b76-435c-ad87-fd6d6c8aab3d.jpg" length="36198" type="image/jpeg"/><description><![CDATA[<p><a href="http://www.repubblica.it/esteri/2017/04/08/news/corea_del_nord_atomica_siria-162514069/?rssimage"> <img src="http://www.repstatic.it/content/nazionale/img/2017/04/09/215313402-857bbd97-4b76-435c-ad87-fd6d6c8aab3d.jpg" width="140" align="left" hspace="10"></a>I media locali citano il ministero degli Esteri: "Solo la nostra potenza militare ci proteggerà da un'aggressione imperialista e pertanto rafforzeremo le forze...</p>]]></description><guid isPermaLink="true"><![CDATA[http://www.repubblica.it/esteri/2017/04/08/news/corea_del_nord_atomica_siria-162514069/?rss]]></guid></item><item><title><![CDATA[Gran Bretagna, a Birmingham il tè dei musulmani contro l'estrema destra]]></title><link><![CDATA[http://www.repubblica.it/esteri/2017/04/09/foto/regno_unito_birmingham_musulmani-162591814/1/?rss]]></link><author><![CDATA[repubblicawww@repubblica.it (Redazione Repubblica.it)]]></author><category domain="http://www.repubblica.it"><![CDATA[esteri]]></category><pubDate>Sun, 09 Apr 2017 19:35:40 +0200</pubDate><enclosure url="http://www.repstatic.it/content/nazionale/img/2017/04/09/194025096-7094c032-afe5-48f9-997a-c75672c3a959.jpg" length="12120" type="image/jpeg"/><description><![CDATA[<p><a href="http://www.repubblica.it/esteri/2017/04/09/foto/regno_unito_birmingham_musulmani-162591814/1/?rssimage"> <img src="http://www.repstatic.it/content/nazionale/img/2017/04/09/194025096-7094c032-afe5-48f9-997a-c75672c3a959.jpg" width="140" align="left" hspace="10"></a>La comunità musulmana di Birmingham ha deciso di organizzare un "tea party" aperto al pubblico nella moschea locale, in risposta a una manifestazione del...</p>]]></description><guid isPermaLink="true"><![CDATA[http://www.repubblica.it/esteri/2017/04/09/foto/regno_unito_birmingham_musulmani-162591814/1/?rss]]></guid></item><item><title><![CDATA[Spagna, è morta Carmen Chacon. Fu la prima donna a capo della Difesa]]></title><link><![CDATA[http://www.repubblica.it/esteri/2017/04/09/news/spagna_morta_carmen_chacon-162604922/?rss]]></link><author><![CDATA[repubblicawww@repubblica.it (Redazione Repubblica.it)]]></author><category domain="http://www.repubblica.it"><![CDATA[esteri]]></category><pubDate>Sun, 09 Apr 2017 23:25:15 +0200</pubDate><enclosure url="http://www.repstatic.it/content/nazionale/img/2017/04/09/232814613-5c400209-2531-4ba6-b935-1f79c015465f.jpg" length="11691" type="image/jpeg"/><description><![CDATA[<p><a href="http://www.repubblica.it/esteri/2017/04/09/news/spagna_morta_carmen_chacon-162604922/?rssimage"> <img src="http://www.repstatic.it/content/nazionale/img/2017/04/09/232814613-5c400209-2531-4ba6-b935-1f79c015465f.jpg" width="140" align="left" hspace="10"></a>L'esponente socialista aveva 46 anni. Ministra con Zapatero, assunse l'incarico quando era incinta di sette mesi</p>]]></description><guid isPermaLink="true"><![CDATA[http://www.repubblica.it/esteri/2017/04/09/news/spagna_morta_carmen_chacon-162604922/?rss]]></guid></item><item><title><![CDATA[Milano, sparatoria in viale Monza: nella casa dell'arrestato una centrale per lo spaccio. Tre arresti]]></title><link><![CDATA[http://milano.repubblica.it/cronaca/2017/04/09/news/milano_sparatoria_viale_monza-162561909/?rss]]></link><author><![CDATA[repubblicawww@repubblica.it (Redazione Repubblica.it)]]></author><category domain="http://milano.repubblica.it"><![CDATA[cronaca]]></category><pubDate>Sun, 09 Apr 2017 17:58:50 +0200</pubDate><enclosure url="http://flv.kataweb.it/repubblicatv/file/2017/04/08/378030/378030-video-rrtv-650-sparatoriamilano_ok08042017.mp4" length="3774229" type="video/mp4"/><description><![CDATA[Nell'appartamento dove vive l'uomo fermato dalla polizia scoperti altri dieci gambiani. Avevano una cinquantina di dosi di marijuana e altre di cocaina]]></description><guid isPermaLink="true"><![CDATA[http://milano.repubblica.it/cronaca/2017/04/09/news/milano_sparatoria_viale_monza-162561909/?rss]]></guid></item><item><title><![CDATA[Sicurezza Milano, calano i reati ma è boom di richieste di porto d'armi. Il questore: "Non faccio che dire no"]]></title><link><![CDATA[http://milano.repubblica.it/cronaca/2017/04/08/news/sicurezza_armi_milano-162502060/?rss]]></link><author><![CDATA[repubblicawww@repubblica.it (Redazione Repubblica.it)]]></author><category domain="http://milano.repubblica.it"><![CDATA[cronaca]]></category><pubDate>Sat, 08 Apr 2017 18:15:29 +0200</pubDate><description><![CDATA["La vera sfida è quella della percezione di sicurezza tra i cittadini". Forza Italia nelle piazze della città con i banchetti per la raccolta firme sulla...]]></description><guid isPermaLink="true"><![CDATA[http://milano.repubblica.it/cronaca/2017/04/08/news/sicurezza_armi_milano-162502060/?rss]]></guid></item><item><title><![CDATA[Pensioni, rischia il flop la riforma anti-Fornero: decreti in ritardo e costi troppo alti]]></title><link><![CDATA[http://www.repubblica.it/economia/2017/04/09/news/pensioni_rischia_il_flop_la_riforma_anti-fornero_decreti_in_ritardo_e_costi_troppo_alti-162536349/?rss]]></link><author><![CDATA[repubblicawww@repubblica.it (Redazione Repubblica.it)]]></author><category domain="http://www.repubblica.it"><![CDATA[economia]]></category><pubDate>Sun, 09 Apr 2017 02:53:42 +0200</pubDate><description><![CDATA[Il meccanismo complesso e molto tortuoso non rende vantaggioso uscire prima dal lavoro perché l'assegno futuro si riduce per pagare il prestito bancario]]></description><guid isPermaLink="true"><![CDATA[http://www.repubblica.it/economia/2017/04/09/news/pensioni_rischia_il_flop_la_riforma_anti-fornero_decreti_in_ritardo_e_costi_troppo_alti-162536349/?rss]]></guid></item><item><title><![CDATA[Mattarella "ferma" sindaco nel Bolognese: "Nessuna multa a chi chiede l'elemosina senza disturbare"]]></title><link><![CDATA[http://bologna.repubblica.it/cronaca/2017/04/08/news/il_quirinale_nessuna_multa_a_chi_chiede_l_elemosina_senza_disturbare-162503652/?rss]]></link><author><![CDATA[repubblicawww@repubblica.it (Redazione Repubblica.it)]]></author><category domain="http://bologna.repubblica.it"><![CDATA[cronaca]]></category><pubDate>Sat, 08 Apr 2017 17:30:14 +0200</pubDate><enclosure url="http://www.repstatic.it/content/nazionale/img/2017/04/08/174327729-f22393a4-6219-46aa-b62b-3a5758fa5dc8.jpg" length="9010" type="image/jpeg"/><description><![CDATA[<p><a href="http://bologna.repubblica.it/cronaca/2017/04/08/news/il_quirinale_nessuna_multa_a_chi_chiede_l_elemosina_senza_disturbare-162503652/?rssimage"> <img src="http://www.repstatic.it/content/nazionale/img/2017/04/08/174327729-f22393a4-6219-46aa-b62b-3a5758fa5dc8.jpg" width="140" align="left" hspace="10"></a>Accolto dal Presidente della Repubblica il ricorso dell'associazione Avvocato di strada contro un'ordinanza di Molinella, secondo cui "la questua lede...</p>]]></description><guid isPermaLink="true"><![CDATA[http://bologna.repubblica.it/cronaca/2017/04/08/news/il_quirinale_nessuna_multa_a_chi_chiede_l_elemosina_senza_disturbare-162503652/?rss]]></guid></item><item><title><![CDATA[Rimini, il caso del trolley. La madre: "Non so perché l'ho buttata in mare"]]></title><link><![CDATA[http://bologna.repubblica.it/cronaca/2017/04/09/news/rimini_il_caso_del_trolley_la_madre_non_so_perche_l_ho_buttata_in_mare_-162583466/?rss]]></link><author><![CDATA[repubblicawww@repubblica.it (Redazione Repubblica.it)]]></author><category domain="http://bologna.repubblica.it"><![CDATA[cronaca]]></category><pubDate>Sun, 09 Apr 2017 17:33:00 +0200</pubDate><description><![CDATA[Interrogata la russa che si era sbarazzata del cadavere della figlia anoressica]]></description><guid isPermaLink="true"><![CDATA[http://bologna.repubblica.it/cronaca/2017/04/09/news/rimini_il_caso_del_trolley_la_madre_non_so_perche_l_ho_buttata_in_mare_-162583466/?rss]]></guid></item><item><title><![CDATA[Ungheria, 70mila in piazza a sostegno della Central European University]]></title><link><![CDATA[http://www.repubblica.it/esteri/2017/04/09/news/ungheria_soros_manifestazione-162602312/?rss]]></link><author><![CDATA[repubblicawww@repubblica.it (Redazione Repubblica.it)]]></author><category domain="http://www.repubblica.it"><![CDATA[esteri]]></category><pubDate>Sun, 09 Apr 2017 22:23:38 +0200</pubDate><enclosure url="http://www.repstatic.it/content/nazionale/img/2017/04/09/222922508-25507a4e-b657-4a25-9623-0e92c3725586.jpg" length="12942" type="image/jpeg"/><description><![CDATA[<p><a href="http://www.repubblica.it/esteri/2017/04/09/news/ungheria_soros_manifestazione-162602312/?rssimage"> <img src="http://www.repstatic.it/content/nazionale/img/2017/04/09/222922508-25507a4e-b657-4a25-9623-0e92c3725586.jpg" width="140" align="left" hspace="10"></a>La protesta contro la legge che, se promulgata dal presidente Ader, porterebbe alla chiusura dell'ateneo finanziato da George Soros e contro le politiche...</p>]]></description><guid isPermaLink="true"><![CDATA[http://www.repubblica.it/esteri/2017/04/09/news/ungheria_soros_manifestazione-162602312/?rss]]></guid></item><item><title><![CDATA[Venezuela, ancora scontri in piazza per protestare contro il presidente Maduro: a Caracas 17 feriti]]></title><link><![CDATA[http://www.repubblica.it/esteri/2017/04/09/news/venezuela_proteste_maduro_capriles-162548537/?rss]]></link><author><![CDATA[repubblicawww@repubblica.it (Redazione Repubblica.it)]]></author><category domain="http://www.repubblica.it"><![CDATA[esteri]]></category><pubDate>Sun, 09 Apr 2017 10:26:19 +0200</pubDate><enclosure url="http://www.repstatic.it/content/nazionale/img/2017/04/09/100154569-c8f66c85-7aca-4f20-988d-67cbbeaab0ac.jpg" length="32567" type="image/jpeg"/><description><![CDATA[<p><a href="http://www.repubblica.it/esteri/2017/04/09/news/venezuela_proteste_maduro_capriles-162548537/?rssimage"> <img src="http://www.repstatic.it/content/nazionale/img/2017/04/09/100154569-c8f66c85-7aca-4f20-988d-67cbbeaab0ac.jpg" width="140" align="left" hspace="10"></a>È la terza manifestazione in una settimana degli 'antichavisti'. La polizia ha lanciato gas lacrimogeni e pallottole di gomma. Incendiati anche gli uffici...</p>]]></description><guid isPermaLink="true"><![CDATA[http://www.repubblica.it/esteri/2017/04/09/news/venezuela_proteste_maduro_capriles-162548537/?rss]]></guid></item><item><title><![CDATA[Milano, investe bimba di 4 anni in scooter e scappa: rintracciato e denunciato il pirata]]></title><link><![CDATA[http://milano.repubblica.it/cronaca/2017/04/08/news/milano_investe_bambina_scooter_e_scappa-162508045/?rss]]></link><author><![CDATA[repubblicawww@repubblica.it (Redazione Repubblica.it)]]></author><category domain="http://milano.repubblica.it"><![CDATA[cronaca]]></category><pubDate>Sat, 08 Apr 2017 18:20:31 +0200</pubDate><enclosure url="http://flv.kataweb.it/repubblicatv/file/2017/04/08/378092/378092-video-rrtv-650-pirataok.mp4" length="1676660" type="video/mp4"/><description><![CDATA[E' un imprenditore di 65 anni. Guidava senza assicurazione e senza patente, gli era stata ritirata. Rintracciato grazie alle telecamere e ai testimoni]]></description><guid isPermaLink="true"><![CDATA[http://milano.repubblica.it/cronaca/2017/04/08/news/milano_investe_bambina_scooter_e_scappa-162508045/?rss]]></guid></item><item><title><![CDATA[Cappadocia, cade mongolfiera turistica nell'area dei Camini delle Fate: un morto]]></title><link><![CDATA[http://www.repubblica.it/esteri/2017/04/09/foto/turchia_incidente_mongolfiera_cappadocia_turismo-162561696/1/?rss]]></link><author><![CDATA[repubblicawww@repubblica.it (Redazione Repubblica.it)]]></author><category domain="http://www.repubblica.it"><![CDATA[esteri]]></category><pubDate>Sun, 09 Apr 2017 14:21:41 +0200</pubDate><enclosure url="http://www.repstatic.it/content/nazionale/img/2017/04/09/142548751-2f8daa90-eea2-4d1d-80b6-52b1380e8cd7.jpg" length="11036" type="image/jpeg"/><description><![CDATA[<p><a href="http://www.repubblica.it/esteri/2017/04/09/foto/turchia_incidente_mongolfiera_cappadocia_turismo-162561696/1/?rssimage"> <img src="http://www.repstatic.it/content/nazionale/img/2017/04/09/142548751-2f8daa90-eea2-4d1d-80b6-52b1380e8cd7.jpg" width="140" align="left" hspace="10"></a>Un morto e 20 feriti. E' la tragica conseguenza della caduta al suolo di una mongolfiera nella regione turistica di Goreme, Cappadocia, Turchia. Il pallone,...</p>]]></description><guid isPermaLink="true"><![CDATA[http://www.repubblica.it/esteri/2017/04/09/foto/turchia_incidente_mongolfiera_cappadocia_turismo-162561696/1/?rss]]></guid></item><item><title><![CDATA[Blackout a Gardaland, inaugurazione con brivido: turisti a testa in giù, bloccati sulle montagne russe]]></title><link><![CDATA[http://milano.repubblica.it/cronaca/2017/04/08/news/gardaland_visitatori_bloccati_su_giostre-162495023/?rss]]></link><author><![CDATA[repubblicawww@repubblica.it (Redazione Repubblica.it)]]></author><category domain="http://milano.repubblica.it"><![CDATA[cronaca]]></category><pubDate>Sat, 08 Apr 2017 18:52:50 +0200</pubDate><enclosure url="http://www.repstatic.it/content/nazionale/img/2017/04/08/150527507-62ecf8b7-0723-4451-a245-3849a26a5a98.jpg" length="9761" type="image/jpeg"/><description><![CDATA[<p><a href="http://milano.repubblica.it/cronaca/2017/04/08/news/gardaland_visitatori_bloccati_su_giostre-162495023/?rssimage"> <img src="http://www.repstatic.it/content/nazionale/img/2017/04/08/150527507-62ecf8b7-0723-4451-a245-3849a26a5a98.jpg" width="140" align="left" hspace="10"></a>A decine di metri d'altezza sull'attrazione, sono intervenuti i vigili del fuoco. E dopo le polemiche il parco si scusa con Enel: "Guasto sulla nostra rete"</p>]]></description><guid isPermaLink="true"><![CDATA[http://milano.repubblica.it/cronaca/2017/04/08/news/gardaland_visitatori_bloccati_su_giostre-162495023/?rss]]></guid></item><item><title><![CDATA[Non vuole indossare il burqa, marito la prende a calci e pugni]]></title><link><![CDATA[http://napoli.repubblica.it/cronaca/2017/04/09/news/non_indossa_burqa_punizione_calci-162567053/?rss]]></link><author><![CDATA[repubblicawww@repubblica.it (Redazione Repubblica.it)]]></author><category domain="http://napoli.repubblica.it"><![CDATA[cronaca]]></category><pubDate>Sun, 09 Apr 2017 14:28:58 +0200</pubDate><description><![CDATA[L'uomo, marocchino di 51 anni, ha picchiato la moglie, 28, accusandola di comportarsi troppo "all'Occidentale". È stato arrestato per sequestro di persona,...]]></description><guid isPermaLink="true"><![CDATA[http://napoli.repubblica.it/cronaca/2017/04/09/news/non_indossa_burqa_punizione_calci-162567053/?rss]]></guid></item><item><title><![CDATA[Torino, la polizia annulla le nozze della sposa bambina. La ragazzina tolta alla famiglia]]></title><link><![CDATA[http://torino.repubblica.it/cronaca/2017/04/08/news/torino_la_polizia_annulla_le_nozze_della_sposa_bambina-162475528/?rss]]></link><author><![CDATA[repubblicawww@repubblica.it (Redazione Repubblica.it)]]></author><category domain="http://torino.repubblica.it"><![CDATA[cronaca]]></category><pubDate>Sat, 08 Apr 2017 19:48:50 +0200</pubDate><enclosure url="http://www.repstatic.it/content/nazionale/img/2017/04/08/160446696-170041de-9aab-4454-ae91-86a73c6185fe.jpg" length="10670" type="image/jpeg"/><description><![CDATA[<p><a href="http://torino.repubblica.it/cronaca/2017/04/08/news/torino_la_polizia_annulla_le_nozze_della_sposa_bambina-162475528/?rssimage"> <img src="http://www.repstatic.it/content/nazionale/img/2017/04/08/160446696-170041de-9aab-4454-ae91-86a73c6185fe.jpg" width="140" align="left" hspace="10"></a>La studentessa quindicenne di origine egiziana si ribella ai genitori: "Vogliono farmi sposare un uomo di dieci anni più grande". Aveva anche tentato il...</p>]]></description><guid isPermaLink="true"><![CDATA[http://torino.repubblica.it/cronaca/2017/04/08/news/torino_la_polizia_annulla_le_nozze_della_sposa_bambina-162475528/?rss]]></guid></item><item><title><![CDATA[Ragazza uccisa a Pietra Ligure, il pm: "Omicidio premeditato"]]></title><link><![CDATA[http://genova.repubblica.it/cronaca/2017/04/08/news/ragazza_uccisa_a_pietra_ligure_il_pm_omicidio_premeditato_-162503714/?rss]]></link><author><![CDATA[repubblicawww@repubblica.it (Redazione Repubblica.it)]]></author><category domain="http://genova.repubblica.it"><![CDATA[cronaca]]></category><pubDate>Sat, 08 Apr 2017 16:48:41 +0200</pubDate><enclosure url="http://www.repstatic.it/content/nazionale/img/2017/04/08/165226028-1ad906a5-21f8-4ad8-bfdb-cf7cd1babaed.jpg" length="10190" type="image/jpeg"/><description><![CDATA[<p><a href="http://genova.repubblica.it/cronaca/2017/04/08/news/ragazza_uccisa_a_pietra_ligure_il_pm_omicidio_premeditato_-162503714/?rssimage"> <img src="http://www.repstatic.it/content/nazionale/img/2017/04/08/165226028-1ad906a5-21f8-4ad8-bfdb-cf7cd1babaed.jpg" width="140" align="left" hspace="10"></a>Janira, 21 anni, uccisa con 15 coltellate. Il fidanzato geloso non voleva che lei si imbarcasse per lavoro sulle navi della Costa</p>]]></description><guid isPermaLink="true"><![CDATA[http://genova.repubblica.it/cronaca/2017/04/08/news/ragazza_uccisa_a_pietra_ligure_il_pm_omicidio_premeditato_-162503714/?rss]]></guid></item><item><title><![CDATA[Pesaro, terrore in pronto soccorso: entra con una spada, tre feriti]]></title><link><![CDATA[http://bologna.repubblica.it/cronaca/2017/04/08/news/pesaro_terrore_al_pronto_soccorso_entra_con_una_spada_tre_feriti-162495214/?rss]]></link><author><![CDATA[repubblicawww@repubblica.it (Redazione Repubblica.it)]]></author><category domain="http://bologna.repubblica.it"><![CDATA[cronaca]]></category><pubDate>Sat, 08 Apr 2017 14:56:05 +0200</pubDate><description><![CDATA[Uomo di 45 anni arrestato per tentato omicidio: ha cercato di colpire più persone con la katana]]></description><guid isPermaLink="true"><![CDATA[http://bologna.repubblica.it/cronaca/2017/04/08/news/pesaro_terrore_al_pronto_soccorso_entra_con_una_spada_tre_feriti-162495214/?rss]]></guid></item><item><title><![CDATA[Lecce, 16enne accoltellato per strada: difendeva l'amica dalle avance di un mendicante]]></title><link><![CDATA[http://bari.repubblica.it/cronaca/2017/04/08/news/lecce_grave_un_16enne_accoltellato_per_strada_aveva_difeso_l_amica_dalle_avance_di_un_ambulante-162499762/?rss]]></link><author><![CDATA[repubblicawww@repubblica.it (Redazione Repubblica.it)]]></author><category domain="http://bari.repubblica.it"><![CDATA[cronaca]]></category><pubDate>Sat, 08 Apr 2017 16:49:55 +0200</pubDate><description><![CDATA[L'aggressione a Galatone: il giovane è grave, ma non rischia la vita. Il ferimento è nato dagli apprezzamenti fatti da un mendicante: l'uomo è stato arrestato....]]></description><guid isPermaLink="true"><![CDATA[http://bari.repubblica.it/cronaca/2017/04/08/news/lecce_grave_un_16enne_accoltellato_per_strada_aveva_difeso_l_amica_dalle_avance_di_un_ambulante-162499762/?rss]]></guid></item><item><title><![CDATA[Attese, truffe e burocrazia: adesso le coppie italiane non vogliono più adottare]]></title><link><![CDATA[http://www.repubblica.it/cronaca/2017/04/08/news/attese_truffe_e_burocrazia_adesso_le_coppie_italiane_non_vogliono_piu_adottare-162463475/?rss]]></link><author><![CDATA[repubblicawww@repubblica.it (Redazione Repubblica.it)]]></author><category domain="http://www.repubblica.it"><![CDATA[cronaca]]></category><pubDate>Sat, 08 Apr 2017 02:30:47 +0200</pubDate><enclosure url="http://www.repstatic.it/content/nazionale/img/2017/04/08/023706149-8143c766-b851-42ee-a02f-4b96e5aad634.jpg" length="10414" type="image/jpeg"/><description><![CDATA[<p><a href="http://www.repubblica.it/cronaca/2017/04/08/news/attese_truffe_e_burocrazia_adesso_le_coppie_italiane_non_vogliono_piu_adottare-162463475/?rssimage"> <img src="http://www.repstatic.it/content/nazionale/img/2017/04/08/023706149-8143c766-b851-42ee-a02f-4b96e5aad634.jpg" width="140" align="left" hspace="10"></a>Mai così poche famiglie disponibili: domande dimezzate dal 2006. Effetto di istituzioni lontane e lente. Tanto che sembra più facile ed economico rivolgersi...</p>]]></description><guid isPermaLink="true"><![CDATA[http://www.repubblica.it/cronaca/2017/04/08/news/attese_truffe_e_burocrazia_adesso_le_coppie_italiane_non_vogliono_piu_adottare-162463475/?rss]]></guid></item><item><title><![CDATA[La farmacia nell'oceano: un biologo in surf a caccia di super batteri]]></title><link><![CDATA[http://www.repubblica.it/scienze/2017/04/09/news/la_farmacia_nell_oceano_un_biologo_in_surf_a_caccia_di_super_batteri-162535444/?rss]]></link><author><![CDATA[repubblicawww@repubblica.it (Redazione Repubblica.it)]]></author><category domain="http://www.repubblica.it"><![CDATA[scienze]]></category><pubDate>Sun, 09 Apr 2017 00:59:30 +0200</pubDate><enclosure url="http://www.repstatic.it/content/nazionale/img/2017/04/09/010336782-684f48e1-a746-4466-b619-c9e47d772b2e.jpg" length="6324" type="image/jpeg"/><description><![CDATA[<p><a href="http://www.repubblica.it/scienze/2017/04/09/news/la_farmacia_nell_oceano_un_biologo_in_surf_a_caccia_di_super_batteri-162535444/?rssimage"> <img src="http://www.repstatic.it/content/nazionale/img/2017/04/09/010336782-684f48e1-a746-4466-b619-c9e47d772b2e.jpg" width="140" align="left" hspace="10"></a>Cliff Kapono studia l'acqua ingerita in mare, da lui e da altri atleti, e trova le nuove resistenze agli antibiotici</p>]]></description><guid isPermaLink="true"><![CDATA[http://www.repubblica.it/scienze/2017/04/09/news/la_farmacia_nell_oceano_un_biologo_in_surf_a_caccia_di_super_batteri-162535444/?rss]]></guid></item><item><title><![CDATA["Io, velista in carrozzina: così realizzo il sogno di vivere senza barriere"]]></title><link><![CDATA[http://www.repubblica.it/cronaca/2017/04/08/news/_io_velista_in_carrozzina_cosi_realizzo_il_sogno_di_vivere_senza_barriere_-162462569/?rss]]></link><author><![CDATA[repubblicawww@repubblica.it (Redazione Repubblica.it)]]></author><category domain="http://www.repubblica.it"><![CDATA[cronaca]]></category><pubDate>Sat, 08 Apr 2017 01:47:48 +0200</pubDate><enclosure url="http://www.repstatic.it/content/nazionale/img/2017/04/08/015544483-8d1a225f-aa83-4b79-9e9c-9fc33c7aa4e9.jpg" length="9658" type="image/jpeg"/><description><![CDATA[<p><a href="http://www.repubblica.it/cronaca/2017/04/08/news/_io_velista_in_carrozzina_cosi_realizzo_il_sogno_di_vivere_senza_barriere_-162462569/?rssimage"> <img src="http://www.repstatic.it/content/nazionale/img/2017/04/08/015544483-8d1a225f-aa83-4b79-9e9c-9fc33c7aa4e9.jpg" width="140" align="left" hspace="10"></a>La sfida di Andrea Stella, sull'Atlantico in catamarano: "Dopo l'incidente non ho rinunciato alle mie passioni. Un viaggio per dimostrare che l'handicap non...</p>]]></description><guid isPermaLink="true"><![CDATA[http://www.repubblica.it/cronaca/2017/04/08/news/_io_velista_in_carrozzina_cosi_realizzo_il_sogno_di_vivere_senza_barriere_-162462569/?rss]]></guid></item><item><title><![CDATA[Paolo Sorrentino, dopo il Papa un film su Berlusconi: "Il potere, una delle tentazioni più forti del genere umano"]]></title><link><![CDATA[http://www.repubblica.it/spettacoli/cinema/2017/04/08/news/paolo_sorrentino_berlusconi_the_young_pope-162457314/?rss]]></link><author><![CDATA[repubblicawww@repubblica.it (Redazione Repubblica.it)]]></author><category domain="http://www.repubblica.it"><![CDATA[spettacoli/cinema]]></category><pubDate>Sat, 08 Apr 2017 04:57:11 +0200</pubDate><enclosure url="http://www.repstatic.it/content/nazionale/img/2017/04/07/224733924-0ba654c9-d113-43ed-a1ab-d4426b25b83d.jpg" length="7295" type="image/jpeg"/><description><![CDATA[<p><a href="http://www.repubblica.it/spettacoli/cinema/2017/04/08/news/paolo_sorrentino_berlusconi_the_young_pope-162457314/?rssimage"> <img src="http://www.repstatic.it/content/nazionale/img/2017/04/07/224733924-0ba654c9-d113-43ed-a1ab-d4426b25b83d.jpg" width="140" align="left" hspace="10"></a>Abbiamo incontrato il regista premio Oscar per 'La grande bellezza'. Dopo il successo della serie tv 'The young pope' con Jude Law, ora prepara la seconda...</p>]]></description><guid isPermaLink="true"><![CDATA[http://www.repubblica.it/spettacoli/cinema/2017/04/08/news/paolo_sorrentino_berlusconi_the_young_pope-162457314/?rss]]></guid></item><item><title><![CDATA[Tutti pazzi per l'uovo di Pasqua, bastano 25 secondi per resistere alla voglia di cioccolato]]></title><link><![CDATA[http://www.repubblica.it/salute/ricerca/2017/04/07/news/tutti_pazzi_per_l_uovo_di_pasqua_bastano_25_secondi_per_resistere_alla_voglia_di_cioccolato-162411109/?rss]]></link><author><![CDATA[repubblicawww@repubblica.it (Redazione Repubblica.it)]]></author><category domain="http://www.repubblica.it"><![CDATA[salute/ricerca]]></category><pubDate>Fri, 07 Apr 2017 15:21:28 +0200</pubDate><enclosure url="http://www.repstatic.it/content/nazionale/img/2017/04/08/133134641-c4abd1fd-b964-40db-b809-02cb3cfcb8b6.jpg" length="8718" type="image/jpeg"/><description><![CDATA[<p><a href="http://www.repubblica.it/salute/ricerca/2017/04/07/news/tutti_pazzi_per_l_uovo_di_pasqua_bastano_25_secondi_per_resistere_alla_voglia_di_cioccolato-162411109/?rssimage"> <img src="http://www.repstatic.it/content/nazionale/img/2017/04/08/133134641-c4abd1fd-b964-40db-b809-02cb3cfcb8b6.jpg" width="140" align="left" hspace="10"></a>Secondo una ricerca Usa, l'attesa smorza il desiderio incontrollato. I consigli degli esperti per non esagerare</p>]]></description><guid isPermaLink="true"><![CDATA[http://www.repubblica.it/salute/ricerca/2017/04/07/news/tutti_pazzi_per_l_uovo_di_pasqua_bastano_25_secondi_per_resistere_alla_voglia_di_cioccolato-162411109/?rss]]></guid></item><item><title><![CDATA[Netflix, lascia dopo 18 anni l'architetto del servizio streaming]]></title><link><![CDATA[http://www.repubblica.it/tecnologia/2017/04/08/news/netflix_lascia_dopo_18_anni_l_architetto_del_servizio_streaming-162497174/?rss]]></link><author><![CDATA[repubblicawww@repubblica.it (Redazione Repubblica.it)]]></author><category domain="http://www.repubblica.it"><![CDATA[tecnologia]]></category><pubDate>Sat, 08 Apr 2017 15:27:20 +0200</pubDate><enclosure url="http://www.repstatic.it/content/nazionale/img/2017/04/09/175201814-a0770556-b13d-4c98-b55a-ec4d01d1580c.jpg" length="7665" type="image/jpeg"/><description><![CDATA[<p><a href="http://www.repubblica.it/tecnologia/2017/04/08/news/netflix_lascia_dopo_18_anni_l_architetto_del_servizio_streaming-162497174/?rssimage"> <img src="http://www.repstatic.it/content/nazionale/img/2017/04/09/175201814-a0770556-b13d-4c98-b55a-ec4d01d1580c.jpg" width="140" align="left" hspace="10"></a>Neil Hunt, padre dell'algoritmo dell'azienda, abbandona l'azienda. Il suo posto sarà preso dal veterano Greg Peters, in luglio. Netflix non ha spiegato i motivi...</p>]]></description><guid isPermaLink="true"><![CDATA[http://www.repubblica.it/tecnologia/2017/04/08/news/netflix_lascia_dopo_18_anni_l_architetto_del_servizio_streaming-162497174/?rss]]></guid></item><item><title><![CDATA[Design e aggressività, l'altra faccia dell'auto]]></title><link><![CDATA[http://www.repubblica.it/motori/sezioni/attualita/2017/04/04/news/design_e_aggressivita_che_storia-162161694/?rss]]></link><author><![CDATA[repubblicawww@repubblica.it (Redazione Repubblica.it)]]></author><category domain="http://www.repubblica.it"><![CDATA[motori/sezioni/attualita]]></category><pubDate>Thu, 06 Apr 2017 10:12:39 +0200</pubDate><enclosure url="http://www.repstatic.it/content/nazionale/img/2017/04/05/085316305-55198216-203e-4a98-b11e-b5932e291daf.jpg" length="5579" type="image/jpeg"/><description><![CDATA[<p><a href="http://www.repubblica.it/motori/sezioni/attualita/2017/04/04/news/design_e_aggressivita_che_storia-162161694/?rssimage"> <img src="http://www.repstatic.it/content/nazionale/img/2017/04/05/085316305-55198216-203e-4a98-b11e-b5932e291daf.jpg" width="140" align="left" hspace="10"></a>Che connessione c'è fra la rabbia al volante e il modo in cui vengono disegnate e comunicate le auto? Lo abbiamo chiesto ad esperti in varie discipline e ne è...</p>]]></description><guid isPermaLink="true"><![CDATA[http://www.repubblica.it/motori/sezioni/attualita/2017/04/04/news/design_e_aggressivita_che_storia-162161694/?rss]]></guid></item><item><title><![CDATA[Sharon Calahan, una donna alla Pixar: "Da Toy Story a oggi ho dipinto la luce"]]></title><link><![CDATA[http://www.repubblica.it/spettacoli/cinema/2017/04/08/news/sharon_calahan_una_donna_alla_pixar_da_toy_story_a_oggi_ho_dipinto_la_luce_-162508347/?rss]]></link><author><![CDATA[repubblicawww@repubblica.it (Redazione Repubblica.it)]]></author><category domain="http://www.repubblica.it"><![CDATA[spettacoli/cinema]]></category><pubDate>Sun, 09 Apr 2017 11:50:11 +0200</pubDate><enclosure url="http://www.repstatic.it/content/nazionale/img/2017/04/09/114510053-0ae4a2c6-43f1-461b-832d-b8982446d324.jpg" length="12192" type="image/jpeg"/><description><![CDATA[<p><a href="http://www.repubblica.it/spettacoli/cinema/2017/04/08/news/sharon_calahan_una_donna_alla_pixar_da_toy_story_a_oggi_ho_dipinto_la_luce_-162508347/?rssimage"> <img src="http://www.repstatic.it/content/nazionale/img/2017/04/09/114510053-0ae4a2c6-43f1-461b-832d-b8982446d324.jpg" width="140" align="left" hspace="10"></a> Ospite alla fiera del fumetto e dell’animazione della Capitale per ricevere il Romics d’oro, Sharon Calahan ha tenuto una masterclass sull’importanza della...</p>]]></description><guid isPermaLink="true"><![CDATA[http://www.repubblica.it/spettacoli/cinema/2017/04/08/news/sharon_calahan_una_donna_alla_pixar_da_toy_story_a_oggi_ho_dipinto_la_luce_-162508347/?rss]]></guid></item><item><title><![CDATA[Dalle Alpi all'Artico per svelare i misteri dei fiocchi di neve]]></title><link><![CDATA[http://www.repubblica.it/scienze/2017/04/06/news/dalle_alpi_all_artico_per_svelare_misteri_fiocchi_di_neve-162351858/?rss]]></link><author><![CDATA[repubblicawww@repubblica.it (Redazione Repubblica.it)]]></author><category domain="http://www.repubblica.it"><![CDATA[scienze]]></category><pubDate>Thu, 06 Apr 2017 17:59:10 +0200</pubDate><enclosure url="http://www.repstatic.it/content/nazionale/img/2017/04/09/181007332-d616bfa9-2f5d-4ede-a968-27c88e98e1f0.jpg" length="12471" type="image/jpeg"/><description><![CDATA[<p><a href="http://www.repubblica.it/scienze/2017/04/06/news/dalle_alpi_all_artico_per_svelare_misteri_fiocchi_di_neve-162351858/?rssimage"> <img src="http://www.repstatic.it/content/nazionale/img/2017/04/09/181007332-d616bfa9-2f5d-4ede-a968-27c88e98e1f0.jpg" width="140" align="left" hspace="10"></a>I ricercatori svizzeri hanno messo a punto una speciale macchina fotografica capace di cogliere da tre differenti angolazioni la caduta dei singoli fiocchi di...</p>]]></description><guid isPermaLink="true"><![CDATA[http://www.repubblica.it/scienze/2017/04/06/news/dalle_alpi_all_artico_per_svelare_misteri_fiocchi_di_neve-162351858/?rss]]></guid></item><item><title><![CDATA[Depressione, in Europa 40 milioni di malati. Solo un terzo si fa curare]]></title><link><![CDATA[http://www.repubblica.it/salute/medicina/2017/04/06/news/depressione_in_europa_40_milioni_di_malati_solo_un_terzo_si_fa_curare-162333755/?rss]]></link><author><![CDATA[repubblicawww@repubblica.it (Redazione Repubblica.it)]]></author><category domain="http://www.repubblica.it"><![CDATA[salute/medicina]]></category><pubDate>Fri, 07 Apr 2017 10:27:09 +0200</pubDate><enclosure url="http://www.repstatic.it/content/nazionale/img/2017/04/07/112125346-485cb780-a8ad-42a0-8ee8-64cbeeb37fdd.jpg" length="3754" type="image/jpeg"/><description><![CDATA[<p><a href="http://www.repubblica.it/salute/medicina/2017/04/06/news/depressione_in_europa_40_milioni_di_malati_solo_un_terzo_si_fa_curare-162333755/?rssimage"> <img src="http://www.repstatic.it/content/nazionale/img/2017/04/07/112125346-485cb780-a8ad-42a0-8ee8-64cbeeb37fdd.jpg" width="140" align="left" hspace="10"></a>Il 7 aprile si celebra la Giornata. Nel 2030 sarà la prima malattia più invalidante al mondo con altissimi costi sociali e forte impatto economico.</p>]]></description><guid isPermaLink="true"><![CDATA[http://www.repubblica.it/salute/medicina/2017/04/06/news/depressione_in_europa_40_milioni_di_malati_solo_un_terzo_si_fa_curare-162333755/?rss]]></guid></item><item><title><![CDATA[50 Best Restaurant: cresce il successo del "sondaggione". Ma serve? E a chi?]]></title><link><![CDATA[http://www.repubblica.it/sapori/2017/04/06/news/enzo_vizzari_commenta_50best_bottura_perde_scettro_secondo_al_mondo-162318902/?rss]]></link><author><![CDATA[repubblicawww@repubblica.it (Redazione Repubblica.it)]]></author><category domain="http://www.repubblica.it"><![CDATA[sapori]]></category><pubDate>Thu, 06 Apr 2017 13:47:29 +0200</pubDate><enclosure url="http://www.repstatic.it/content/nazionale/img/2017/04/06/152827056-0b7bb1cd-3fff-4490-bbf5-35e827512b46.jpg" length="8713" type="image/jpeg"/><description><![CDATA[<p><a href="http://www.repubblica.it/sapori/2017/04/06/news/enzo_vizzari_commenta_50best_bottura_perde_scettro_secondo_al_mondo-162318902/?rssimage"> <img src="http://www.repstatic.it/content/nazionale/img/2017/04/06/152827056-0b7bb1cd-3fff-4490-bbf5-35e827512b46.jpg" width="140" align="left" hspace="10"></a>Sempre forte la risonanza della manifestazione che cresce nonostante le critiche e le domande, tuttora senza risposta, che ogni anno arrivano agli...</p>]]></description><guid isPermaLink="true"><![CDATA[http://www.repubblica.it/sapori/2017/04/06/news/enzo_vizzari_commenta_50best_bottura_perde_scettro_secondo_al_mondo-162318902/?rss]]></guid></item><item><title><![CDATA[Da Parma a Bologna, i 2200 anni della Via Emilia]]></title><link><![CDATA[http://www.repubblica.it/viaggi/2017/04/08/news/duemila_anni_via_emilia-162482535/?rss]]></link><author><![CDATA[repubblicawww@repubblica.it (Redazione Repubblica.it)]]></author><category domain="http://www.repubblica.it"><![CDATA[viaggi]]></category><pubDate>Sat, 08 Apr 2017 12:30:15 +0200</pubDate><enclosure url="http://www.repstatic.it/content/nazionale/img/2017/04/08/122149946-7c442b33-bc76-44a7-a20b-0b45f4b67ceb.jpg" length="11421" type="image/jpeg"/><description><![CDATA[<p><a href="http://www.repubblica.it/viaggi/2017/04/08/news/duemila_anni_via_emilia-162482535/?rssimage"> <img src="http://www.repstatic.it/content/nazionale/img/2017/04/08/122149946-7c442b33-bc76-44a7-a20b-0b45f4b67ceb.jpg" width="140" align="left" hspace="10"></a>Nel secondo secolo a.C. la definitiva espansione romana nella regione, di cui la nascita della storica strada costituisce il simbolo. Per ricordare quel...</p>]]></description><guid isPermaLink="true"><![CDATA[http://www.repubblica.it/viaggi/2017/04/08/news/duemila_anni_via_emilia-162482535/?rss]]></guid></item>    </channel></rss>